Workbook

Sheet Sentences
A1: sentence_id | B1: CG_sentence_normalized | C1: SMG_sentence | D1: line_no | E1: notes | F1: notes from others
A2: cg_001 | B2: Δυστυχώς πάνω σε τούντο θέμαν εν κατέχω πολλές πληροφοριές , λόγω του ότι τζ̆αι ο παππούς μου τζ̆αι η γιαγιά μου που την πλευρά του παπά μου , δηλαδή στην Κύπρο , επεθάναν πριν γεννηθώ . | C2: Δυστυχώς πάνω σε τούτο το θέμα δεν κατέχω πολλές πληροφορίες , λόγω του ότι και ο παππούς μου και η γιαγιά μου από την πλευρά του μπαμπά μου , δηλαδή στην Κύπρο , πέθαναν πριν γεννηθώ . | D2: 2 | F2: ΣΑ: ΟΚ, κανονικά οι αιτιατικές "πλευράν" και "Κύπρον" ήθελαν τελικό νι (είχε ξεφύγει αυτό).
A3: cg_002 | B3: Εεε ... Οι πιο μεγάλοι της κοινότητας μου συνήθως μουρμουρούν για τους μιτσ̆ιούς ότι εν σέβουνται , ότι εν’ ττεμπέληες ... | C3: Εεε ... Οι πιο μεγάλοι της κοινότητας μου συνήθως μουρμουράνε για τους μικρούς ότι δεν σέβονται , ότι είναι τεμπέληδες ... | D3: 3
A4: cg_003 | B4: Νομίζω στην κοινότηταν μου οι πιο μιάλοι εν έχουν κάποιαν συσχέτισην ή κάποιαν σχέσην με τες πιο μιτσ̆ιές γενιές . | C4: Νομίζω στην κοινότητα μου οι πιο μεγάλοι δεν έχουν κάποια συσχέτιση ή κάποια σχέση με τις πιο μικρές γενιές. | D4: 5
A5: cg_004 | B5: Νομίζω ότι οι πιο μιτσ̆ιές γενιές διδάσκουνται παραπάνω που το ίντερνετ τζ̆αι όι που τους μεγαλλύττερους . | C5: Νομίζω ότι οι πιο μικρές γενιές διδάσκονται παραπάνω από το ίντερνετ και όχι από τους μεγαλύτερους. | D5: 8
A6: cg_005 | B6: Το πιο δυνατόν καιρικόν φαινόμενον που έζησα εν- εν’ οι καύσωνες της Κύπρου , τα καλοτζ̆αίρκα , ειδικά τζ̆είνος ο Ιούλιος . | C6: Το πιο δυνατό καιρικό φαινόμενο που έζησα είναι - είναι οι καύσωνες της Κύπρου , τα καλοκαίρια , ειδικά εκείνος ο Ιούλιος . | D6: 12
A7: cg_006 | B7: Το πιο δυνατόν καιρικόν φαινόμενον που έζησα πρέπει να 'ταν κανένας σεισμός . | C7: Το πιο δυνατό καιρικό φαινόμενο που έζησα πρέπει να ήταν κανένας σεισμός. | D7: 15
A8: cg_007 | B8: Εν έζησα κάποιον ... ιδιαίτερα δυνατόν καιρικόν φαινόμενον στην ζωή μου . | C8: Δεν έζησα κάποιο ... ιδιαίτερα δυνατό καιρικό φαινόμενο στη ζωή μου. | D8: 18
A9: cg_008 | B9: Το όνομαν μου , Σάρα , σημαίνει πριγκίπισσα στα εβραϊκά τζ̆αι εφκάλαν με έτσι γιατί άρεσκεν πάρα πολλά του παπά μου . | C9: Το όνομα μου, Σάρα, σημαίνει πριγκίπισσα στα εβραϊκά και με έβγαλαν έτσι γιατί άρεσε πάρα πολύ στον μπαμπά μου . | D9: 22
A10: cg_009 | B10: Το όνομαν Βασιλική έσ̆ει σχέσην με την βασιλείαν τζ̆αι συγκεκριμένα με την γυναίκαν που έσ̆ει βασιλικήν καταγωγήν . | C10: Το όνομα Βασιλική έχει σχέση με τη βασιλεία και συγκεκριμένα με την γυναίκα που έχει βασιλική καταγωγή . | D10: 24
A11: cg_010 | B11: Το όνομαν μου σημαίνει θεά της σοφίας τζ̆αι του στρατηγικού πολέμου . | C11: Το όνομα μου σημαίνει θεά της σοφίας και του στρατηγικού πολέμου . | D11: 25
A12: cg_011 | B12: Δυστυχώς εν ακούω ούτε κυπριακήν ούτε ελληνικήν μουσικήν για να μπορώ να πω κάποιον παράδειγμαν . | C12: Δυστυχώς δεν ακούω ούτε κυπριακή ούτε ελληνική μουσική για να μπορώ να πω κάποιο παράδειγμα . | D12: 31
A13: cg_012 | B13: Ξέρω έναν κυπριακόν τραούδιν , το Ασ̆ερόμπασμαν , αλλά εν θθυμούμαι τους στίχους του τζ̆αι λογικά εν θα τους ελαλούσα καλά έτσι τζ̆’ αλλιώς . | C13: Ξέρω ένα κυπριακό τραγούδι , το Ασερόμπασμα , αλλά δεν θυμάμαι τους στίχους του και λογικά δεν θα τους λαλούσα καλά έτσι κι αλλιώς . | D13: 37
A14: cg_013 | B14: Εν ι-ξέρω ούλλα τα λόγια κάποιου συγκεκριμμένου τραουθκιού . | C14: Δεν ξέρω όλα τα λόγια κάποιου συγκεκριμένου τραγουδιού . | D14: 39
... A42: cg_041 | B42: Πιστεύκω ότι άμαν είσαι λλίον εγκρατής , μπορείς να έσ̆εις την ίδιαν ψυχαγωγίαν , ή τζ̆αι καλλύττερην , πιο οικονομικά . | C42: Πιστεύω ότι αν είσαι λίγο εγκρατής , μπορείς να έχεις την ίδια ψυχαγωγία , ή και καλύτερη , πιο οικονομικά . | D42: 275
A43: cg_042 | B43: Αν είχα πολλά λεφτά εννά αγόραζα έναν νησίν τζ̆αι να πάω να μείνω τζ̆ειαμαί τζ̆αι να είμαι μόνη μου πά’ στο νησίν με τους σ̆σ̆ύλλους μου . | C43: Αν είχα πολλά λεφτά θα αγόραζα ένα νησί και θα πήγαινα να μείνω εκεί και θα ήμουν μόνη μου στο νησί με τους σκύλους μου . | D43: 268 | E43: πά' στο νησίν -> στο νησί (όχι πάνω στο νησί)
A44: cg_043 | B44: Εννά ήθελα πάρα πολλά να επισκευτώ τες χώρες της Μέσης Ανατολής , ειδικά τες Αραβικές χώρες , ε τούτες που τωρά εν μπορούμεν να επισκεφτούμεν γιατί εκαταστραφήκαν λόγω πολέμου . | C44: Θα ήθελα πάρα πολύ να επισκεφτώ τις χώρες της Μέσης Ανατολής , ειδικά τις Αραβικές χώρες , αυτές που τώρα δεν μπορούμε να επισκεφτούμε γιατί καταστράφηκαν λόγω πολέμου . | D44: 279
A45: cg_044 | B45: Οι θερμοκρασίες του καλοτζ̆αιρκού όταν ήμουν μιτσ̆ιά σε σχέσην με τωρά ήταν πολλά πιο χαμηλές , σίουρα εν ήταν αισθητή η πυρά τόσον πολλά . | C45: Οι θερμοκρασίες του καλοκαιριού όταν ήμουν μικρή σε σχέση με τώρα ήταν πιο χαμηλές , σίγουρα δεν ήταν αισθητή η ζέστη τόσο πολύ . | D45: 304 | E45: κομμένη
A46: cg_045 | B46: Σε σχέσην που τότε που ήμασταν πιο μιτσ̆ιοί , τωρά οι καλοτζ̆αιρινές θερμοκρασίες εν' πολλά πιο ψηλές , τζ̆αι γεννικά εν' πολλή παραπάνω πυρά τζ̆αι πολλή παραπάνω υγρασία . | C46: Σε σχέση με τότε που ήμασταν πιο μικροί , τώρα οι καλοκαιρινές θερμοκρασίες είναι πολύ πιο ψηλές , και γενικά είναι πολύς παραπάνω ο καύσωνας και πολλή παραπάνω η υγρασία . | D46: 307 | E46: κομμένη
A47: cg_046 | B47: Παλιόττερα έρκετουν πολλά πιο σπάνια , τα τελευταία χρόνια όμως ζ̆ιούμεν μαζίν της . | C47: Παλιότερα ερχόταν πολύ πιο σπάνια , τα τελευταία χρόνια όμως ζούμε μαζί της . | D47: 312
A48: cg_047 | B48: Συνήθως εεεμ βρεθούμαστεν σε σπίθκια , ε ή που εννά μαειρέψω εγώ ή κάποιος άλλος που τους φίλους . | C48: Συνήθως εεεμ βρισκόμαστε σε σπίτια , όπου ή θα μαγειρέψω εγώ ή κάποιος άλλος από τους φίλους . | D48: 315
A49: cg_048 | B49: Που το σούππερμαρκετ συνήθως αγοράζω τα πιο βασικά που εν' ψωμίν , τυρίν , κανέναν αλλαντικόν , λαχανικά , φρούτα , κρέας . | C49: Από το σουπερμάρκετ συνήθως αγοράζω τα πιο βασικά που είναι ψωμί , τυρί , κανένα αλλαντικό , λαχανικά , φρούτα , κρέας .
A50: cg_049 | B50: Νομίζω τα θκιαβάσματα των τελικών εν' τα πιο αγχωτικά , επειδή εν τα επήα τόσον καλά σ τες ενδιάμεσες . | C50: Νομίζω τα διαβάσματα των τελικών είναι τα πιο αγχωτικά , επειδή δεν τα πήγα τόσο καλά στις ενδιάμεσες . | D50: 338
A51: cg_050 | B51: Έχω πάρα πολλούς αγαπημένους μουσικούς ε ο καθένας φκάλλει διαφορετικήν μουσικήν οπόταν εν' λλίον δύσκολον να θκιαλέξω τον αγαπημένον μου που ούλλους . | C51: Έχω πάρα πολλούς αγαπημένους μουσικούς και ο καθένας βγάζει διαφορετική μουσική οπότε είναι λίγο δύσκολο να διαλέξω τον αγαπημένο μου από όλους . | D51: 354
A52: cg_051 | B52: Θθυμούμαι που την εθώρουν που ’μουν μωρόν , τζ̆αι ακόμα θωρώ την άμαν εννά τύχει τζ̆αι εννά την έβρω στην τηλεόρασην . | C52: Θυμάμαι που την έβλεπα όταν ήμουν μωρό , και ακόμα τη βλέπω άμα τύχει και τη βρω στην τηλεόραση . | D52: 359
A53: cg_052 | B53: Εν ι-ξέρω αν ποττέ επαρακολούθησα κάποιαν ταινίαν κυπριακού κινηματογράφου . | C53: Δεν ξέρω αν ποτέ παρακολούθησα κάποια ταινία κυπριακού κινηματογράφου . | D53: 365
A54: cg_053 | B54: Με τόσα εκατομμύρια γαλαξίες τζ̆αι τόσα δισεκατομμύρια αστέρκα , εν’ σχεδόν βέβαιον ότι τζ̆αι κάπου αλλού εννά αναπτύχθηκεν κάποιου είδους ανώττερη νοημοσύνη . | C54: Με τόσα εκατομμύρια γαλαξίες και τόσα δισεκατομμύρια αστέρια , είναι σχεδόν βέβαιο ότι και κάπου αλλού θα αναπτύχθηκε κάποιου είδους ανώτερη νοημοσύνη . | D54: 373
A55: cg_054 | B55: Πιάννεις τηλέφωνον τον γιατρόν τζ̆αι βάλλει σε όποτε έσ̆ει κενόν . | C55: Παίρνεις τηλέφωνο το γιατρό και σε βάζει όποτε έχει κενό . | D55: 382
A56: cg_055 | B56: Έναν που τα κύρια θέματα στην ενσωμάτωσην της τεχνολογίας εν' ότι πολλά μεγάλον ποσοστόν του προσωπικού των σχολείων εν ι-ξέρει πώς να χρησιμοποιά την τεχνολογίαν . | C56: Ένα από τα κύρια θέματα στην ενσωμάτωση της τεχνολογίας είναι ότι πολύ μεγάλο ποσοστό του προσωπικού των σχολείων δεν ξέρει πώς να χρησιμοποιεί την τεχνολογία . | D56: 386
A57: cg_056 | B57: Που ’μουν μιτσής επήαιννα μπάσκετ , αλλά μετά που τα πολλά τα θκιαβάσματα εν είχα το τσ̆ανς να συνεχίσω . | C57: Όταν ήμουν μικρός πήγαινα μπάσκετ , αλλά μετά από τα πολλά διαβάσματα δεν είχα την ευκαιρία να συνεχίσω . | D57: 400
A58: cg_057 | B58: Αν είχα ποττέ παιθκιά εννά τους ελαλούσα πάντα να προσπαθούν τζ̆αι να βάλλουν τον καλλύττερον τους εαυτόν σε ό,τι κάμουν τζ̆αι να μεν τα βάλλουν ποττέ κάτω . | C58: Αν είχα ποτέ παιδιά θα τους έλεγα πάντα να προσπαθούν να βάζουν τον καλύτερό τους εαυτό σε ό,τι κάνουν και να μην τα βάζουν ποτέ κάτω . | D58: 403
A59: cg_058 | B59: Συνήθως οι πλείστοι στην νεολαίαν κάμνουσιν αγορές μαζίν με το κινητόν τζ̆αι κυρίως κάρτες . | C59: Συνήθως οι περισσότεροι στη νεολαία κάνουν αγορές με το κινητό και κυρίως κάρτες . | D59: 413
A60: cg_059 | B60: Οι πιερωμές στην χώραν μου γίνουνται παραπάνω με κάρτες τζαι κινητά παρά με μετρητά . | C60: Οι πληρωμές στη χώρα μου γίνονται περισσότερο με κάρτες και κινητά παρά με μετρητά . | D60: 420
A61: cg_060 | B61: Που ήμουν μιτσής στες διακοπές επήαιννα κάθε μέραν κολύμπιν με μάσκαν τζ̆αι άρεσκεν μου να θωρώ την ζωήν κάτω που το νερόν . | C61: Όταν ήμουν μικρός στις διακοπές πήγαινα κάθε μέρα για κολύμπι με μάσκα και μου άρεσε να βλέπω τη ζωή κάτω από το νερό . | D61: 430
... A64: cg_063 | B64: Είμαι κατά της διανομής λεφτών σε ζηθκιάνους γιατί πολλοί απατεώνες εκμεταλλεύκουνται τον ανθρώπινον πόνον για να φκάλουν ριάλλια . | C64: Είμαι κατά της διανομής λεφτών σε ζητιάνους γιατί πολλοί απατεώνες εκμεταλλεύονται τον ανθρώπινο πόνο για να βγάλουν λεφτά . | D64: 461
A65: cg_064 | B65: Πιστεύκω ότι στην Κύπρον η πιο πολλή κοινωνική βοήθεια έρκεται που τους ανθρώπους . | C65: Πιστεύω ότι στην Κύπρο η πιο πολύ κοινωνική βοήθεια έρχεται από τους ανθρώπους . | D65: 457 | E65: "οι (βοήθεια)": ορθογραφικό λάθος ; | F65: ΣΑ: ναι.
A66: cg_065 | B66: Επειδή η δουλειά μου εν' σε υπόγειον , είμαι συνηθισμένος στο να μεν έχω σήμαν κατά τες ώρες εργασίας . | C66: Επειδή η δουλειά μου είναι σε υπόγειο , είμαι συνηθισμένος στο να μην έχω σήμα κατά τις ώρες εργασίας . | D66: 494
A67: cg_066 | B67: Όμως όταν σχολάννω τζ̆αι φεύκω που τον τόπον εργασίας μου , το σήμαν ξανάρκεται τζ̆αι εν έχω κανέναν πρόβλημαν . | C67: Όμως όταν σχολάω και φεύγω από το χώρο εργασίας μου , το σήμα ξανάρχεται και δεν έχω κανένα πρόβλημα . | D67: 494
A68: cg_067 | B68: Περπατώ πάρα πολλά μες στην πολην , προτιμώ το που οποιονδήποτε άλλον μέσον μεταφοράς . | C68: Περπατώ πάρα πολύ μες στην πόλη , το προτιμώ από οποιοδήποτε άλλο μέσο μεταφοράς . | D68: 499
A69: cg_068 | B69: Σήμμερα εν ι-ξέρω αν μαθαίννουν μόνον τούτες τες γλώσσες ή αν έσ̆ει τζ̆’ άλλες γλώσσες σαν επιλογήν . | C69: Σήμερα δεν ξέρω αν μαθαίνουν μόνο αυτές τις γλώσσες ή αν έχει κι άλλες γλώσσες σαν επιλογή . | D69: 264
A70: cg_069 | B70: Στο γυμνάσιον ξεκινούν να μαθαίννουν τζαι Γαλλικά , αν τζαι οι παραπάνω εν ενδιαφέρουνται τζαι εν μαθαίννουν σχεδόν τίποτε . | C70: Στο γυμνάσιο ξεκινούν να μαθαίνουν και Γαλλικά , αν και οι περισσότεροι δεν ενδιαφέρονται και δε μαθαίνουν σχεδόν τίποτα . | D70: 262
A71: cg_070 | B71: Θεωρώ ότι αν εμπόρουν να πάω όπου θέλω , εννά θκιάλεα να πάω Ιταλίαν τζαι γεννικά να γυρίσω την Ιταλίαν ολόκληρην . | C71: Θεωρώ ότι αν μπορούσα να πάω όπου θέλω , θα διάλεγα να πάω Ιταλία και γενικά να γυρίσω ολόκληρη την Ιταλία . | D71: 282
A72: cg_071 | B72: Τωρά το θέμαν εν’ πόσοι το μαθαίννουν τζ̆αι παν για να συμμετέχουν ή πάσιν στες εκδηλώσεις για να τα δουν . | C72: Τώρα το θέμα είναι πόσοι το μαθαίνουν και πηγαίνουν για να συμμετέχουν ή πηγαίνουν στις εκδηλώσεις για να τα δουν . | D72: 302
A73: cg_072 | B73: Ώσπου ήμαστεν μιτσ̆ιοί έντζ̆’ επολλοέκοφτεν μας η θερμοκρασία , δηλαδή τζ̆αι πολλή πυρά να ήταν έντζ̆ε είχαμεν πρόβλημαν . | C73: Όταν ήμασταν μικροί δεν μας πολυέκοφτε η θερμοκρασία , δηλαδή και πολλή ζέστη να είχε δεν είχαμε πρόβλημα . | D73: 306 | E73: στο κείμενο εμφανίζεται ως εντζ' επολλοέκοφτεν, θα μπορούσε να είναι όμως και "έντζε πολλοέκοφτε" αφού το "έντζε" εμφανίζεται έτσι και στη συνέχεια και αποφεύγεται η διπλή αύξηση. | F73: ΣΑ: η αύξηση στο ρήμα είναι υποχρεωτική. Αν δεν προφερθεί, θεωρείται αφαίρεση αρχικού φωνήεντος και θα γραφόταν "έντζ̆ε ’πολλοέκοφτεν". Είναι πιο λογικό να γίνει έκθλιψη του -ε στο έντζ̆ε, όπως γίνεται και σε άλλες περιπτώσεις (π.χ. "έντζ̆' είπα").
A74: cg_073 | B74: Στην Κύπρο βρέθουμαι με φίλους σε καμιάν καφετέριαν ή στο πανεπιστήμιον , αλλά σε άλλους τόπους στην Ευρώπην προτιμούμεν να πηαίννουμεν σε ππικνίκ μες στα δάση . | C74: Στην Κύπρο βρίσκομαι με φίλους σε καμία καφετέρια ή στο πανεπιστήμιο , αλλά σε άλλα μέρη στην Ευρώπη προτιμάμε να πηγαίνουμε πικνίκ στα δάση . | D74: 314
A75: cg_074 | B75: Πλέον εν πάω ιδιαίτερα σούππερμαρκετ αλλά τότε που επήαιννα , εγόραζα γιαουρτάκια , εγόραζα noodles , εγόραζα τα τσιπς μου , εγόραζα φρούτα κάποτε . | C75: Πλέον δεν πάω ιδιαίτερα σουπερμάρκετ αλλά όταν πήγαινα , αγόραζα γιαουρτάκια , αγόραζα noodles , αγόραζα τα τσιπς μου , αγόραζα φρούτα κάποτε . | D75: 328
A76: cg_075 | B76: Ο δεύτερος ήταν γιατί επερνούσαν πολλά πράματα που τα σ̆έρκα μου τζ̆αι τούτον εδημιουργούσεν μου άγχος . | C76: Ο δεύτερος ήταν γιατί περνούσαν πολλά πράγματα από τα χέρια μου και αυτό μου δημιουργούσε άγχος . | D76: 340
A77: cg_076 | B77: Η συμβουλή που θα εδίουν είναι να ακούεις πριν να μιλήσεις , να ’σ̆εις υπομονήν με τους ανθρώπους τζ̆αι συμπόνιαν . | C77: Η συμβουλή που θα έδινα είναι να ακούς πριν να μιλήσεις , να έχεις υπομονή με τους ανθρώπους και συμπόνια . | D77: 404
A78: cg_077 | B78: Θέλω απλά να ξεφεύγω που τα προβλήματα τζ̆αι να περνώ την ώραν μου αποκλειστικά με σωματικήν άσκησην για να ξεκουραστώ ψυχολογικά . | C78: Θέλω απλά να ξεφεύγω από τα προβλήματα και να περνώ την ώρα μου αποκλειστικά με σωματική άσκηση για να ξεκουραστώ ψυχολογικά . | D78: 402
A79: cg_078 | B79: Η αλήθκεια εν ι-ξερω ίντα φυτά μεγαλώννουν εύκολα στην Κύπρον διότι εν ασχολούμαι γεννικά με φυτά τζαι δέντρα . | C79: Η αλήθεια είναι ότι δεν ξέρω τι φυτά μεγαλώνουν εύκολα στην Κύπρο διότι δεν ασχολούμαι γενικά με φυτά και δέντρα . | D79: 434 | E79: "η αλήθεια είναι ότι" ή σκέτο "η αλήθεια";; | F79: ΣΑ: "Η αλήθεια, δεν ξέρω…"
A80: cg_079 | B80: Θκυο χρόνια μετά τον θάνατον του δεύτερου απέκτησα την αρφήν μου τζ̆’ όταν ήμουν έντεκα χρονών εγεννήθηκεν τζ̆αι ο μικρός μου ο αρφός . | C80: Δύο χρόνια μετά το θάνατο του δεύτερου απέκτησα την αδερφή μου κι όταν ήμουν έντεκα χρονών γεννήθηκε και ο μικρός μου αδερφός . | D80: 469
A81: cg_080 | B81: Στην περιοχήν που μεινίσκω εγώ έσ̆ει τζ̆αι λουλλούδιν που εν φυτρώννει σε άλλες νομίζω μόνον σε άλλον μιαν φυτρώννει , που εν’ το μελισσάκιν . | C81: Στην περιοχή που μένω εγώ υπάρχει και λουλούδι που δε φυτρώνει σε άλλες , νομίζω μόνο σε άλλη μία φυτρώνει , που είναι το μελισσάκι . | D81: 435
A82: cg_081 | B82: Εν έκαμα οικογένειαν ακόμα τζ̆αι ούτε προβλέπεται στο άμεσον μέλλον. | C82: Δεν έκανα οικογένεια ακόμα και ούτε προβλέπεται στο άμεσο μέλλον . | D82: 516
A83: cg_082 | B83: Συνεχίζω να ζ̆ιω την ζωήν μου ελεύθερος χωρίς δεσμεύσεις. | C83: Συνεχίζω να ζώ την ζωή μου ελεύθερος χωρίς δεσμεύσεις . | D83: 516
A84: cg_083 | B84: Τωρά τζ̆αι να πάει όμως πιστεύκω ότι είμαι τζ̆αι σε μιαν ηλικίαν που εν’ τζ̆αι δύσκολον πιον να κάμω οικογενειαν. | C84: Τώρα και να πάει όμως πιστεύω ότι είμαι και σε μια ηλικία που είναι και δύσκολο πια να κάνω οικογένεια . | D84: 516 | E84: πιον: καλυτερη μεταφραση ώς "είναι δύσκολο πια" ή "είναι πιο δύσκολο" | F84: θα έλεγα 'πια' / ΣΑ: "πιον" σημαίνει είτε "πλεόν" (από εκεί προέρχεται η λέξη) είτε "πια". Αν δεν έχει τελικό νι, τότε είναι το "πιο" που υπάρχει και στην ΚΝΕ.
A85: cg_084 | B85: Οπότε εννά συνεχίσω την σόλο καριέραν που εν προβλέπεται ότι εννά αλλάξει λίαν συντόμως. | C85: Οπότε θα συνεχίσω την σόλο καριέρα που δεν προβλέπεται ότι θα αλλάξει πολύ σύντομα . | D85: 516 | E85: εννα: άλλοτε ταιριάζει καλυτερα ώς "θα" άλλοτε "είναι να" | F85: ΣΑ: εδώ είναι "θα" και στις δύο περιπτώσεις.
A86: cg_085 | B86: Ποιον τοπικον βιβλίον ή ποια ιστορία του τόπου σου αρέσκει πολλά στα μωρά; | C86: Ποιο τοπικό βιβλίο ή ποια ιστορία του τόπου σου αρέσει πολύ στα παιδιά; | D86: 517 | E86: μωρά: δεν αναφέρεται μόνο σε μωρά (βρέφη) σλλά γενικότερα σε παιδιά (;) | F86: Η λέξη "μωρά" μεταφράζεται και ως "παιδιά" στη ΝΕ / ΣΑ: επιβεβαίνω.
A87: cg_086 | B87: Η μεγάλη αγωνία του Υπουργείου Παιδείας εν' νά φκάλει που το φυτώριον του Έλληνες τζ̆αι όι Κυπραίους . | C87: Η μεγάλη αγωνία του Υπουργείου Παιδείας είναι να βγάλει από το φυτώριό του Έλληνες και όχι Κύπριους . | D87: 521 | E87: εννα: εδω ταιριάζει μόνο "είναι να" και μετά πάει σαν multiword token | F87: Σωστά. Θα έπρεπε να ορθογραφηθεί "εν' να" (χωρίς τόνο στο να).
A88: cg_087 | B88: Εν έχω υπόψιν μου κανέναν βιβλίον , ούτε κάποιαν ιστορίαν που να αρέσκει πολλά στα μωρά . | C88: Δεν έχω υπόψιν μου κανένα βιβλίο , ούτε κάποια ιστορία που να αρέσει πολύ στα παιδιά. | D88: 522
A89: cg_088 | B89: Το πιο άχρηστον ζώον κατά την γνώμην μου εν’ η κουτσουκούτα . | C89: Το πιο άχρηστο ζώο κατά την γνώμη μου είναι η κουτσουκούτα . | D89: 525 | E89: κουτσουκούτα: στο λεξικό αναφέρεται ώς "είδος κατσαρίδας, σκαθάρι". προτίμησα το κατσαρίδα λόγω άρθρου και αντιστοιχείας έπειτα στα tokens
A90: cg_089 | B90: Εν’ ούλλη μέρα μέσα στους βόθρους , εν έχουν κάποιον συγκεκριμένον σκοπόν απ’ όσον ξέρω , έννεν’ ότι τες έψαξα πολλά . | C90: Είναι όλη μέρα μέσα στους βόθρους , δεν έχουν κάποιον συγκεκριμένο σκοπό απ' όσο ξέρω , δεν είναι ότι τις έψαξα πολύ . | D90: 525
A91: cg_090 | B91: Αλλά κυριολεκτικά εν είδα ποττέ κατσαρίδαν να κάμνει κάτι καλόν για την κοινωνίαν . | C91: Αλλά κυριολεκτικά δεν είδα ποτέ κατσαρίδα να κάνει κάτι καλό για την κοινωνία . | D91: 525
A92: cg_091 | B92: Εν απλά έναν νεκατσ̆ιαστικόν πράμαν που βουρά τζ̆αι πετά τζ̆αι μπαίννει μες στα σπίθκια τζ̆αι κάθεται πάνω σου σαν τζ̆οιμάσαι , τζ̆αι εννεν τούντο πράμαν εμέναν αγχώννει με . | C92: Είναι απλά ένα αηδιαστικό πράγμα που τρέχει και πετάει και μπαίνει μές στα σπίτια και κάθεται πάνω σου σαν κοιμάσαι , και δεν είναι τούτο το πράγμα εμένα με αγχώνει . | D92: 525 | E92: νεκατσιαστικό=αηδιαστικό
A93: cg_092 | B93: Το πιο άχρηστον ζώον κατά την γνώμην μου τζ̆αι ειδικά μες στην Κύπρον εν’ τα πεζούνια , γιατί εγεμώσαν οι τόποι τζ̆αι είναι μια ξημαρισ̆ά . | C93: Το πιο άχρηστο ζώο κατά την γνώμη μου και ειδικά μές στην Κύπρο είναι τα περιστέρια , γιατί γέμισαν οι τόποι και είναι μια βρωμία . | D93: 528 | E93: πεζούνια=περιστέρια , ξημαρισια=βρωμιά
A94: cg_093 | B94: Ουλλη μέρα θωρείς τσιλλάρες μες στα σπίκια σου , μες στους δρόμους όπου περπατήσεις ξημαρίζουν τους τόπους . | C94: Όλη μέρα βλέπεις κουτσουλιές μες στα σπίτια σου , μές στους δρόμους όπου περπατήσεις βρωμίζουν τους τόπους . | D94: 528 | E94: ξημαρίζουν=βρωμίζουν , τσιλλάρες = κουτσουλιές
A95: cg_094 | B95: Μόνον αρρώσκιες , φτείρες που έχουν τζ̆αι πολλές άλλες αρρώσκιες τζ̆αι εν προσφέρουν τίποτε , μόνον ξημαρισ̆αν . | C95: Μόνο αρρώστιες , ψείρες που έχουν και πολλές άλλες αρρώστιες και δεν προσφέρουν τίποτε , μόνο βρωμια. | D95: 528
A96: cg_095 | B96: Εν προσφέρουν τίποτε , εν’ νεκατσ̆ιαστικές τζ̆αι για κάποιον λόγον μπορούν να επιζήσουν ατομικήν βόμβαν . | C96: Δεν προσφέρουν τίποτε , είναι αηδιαστικές και για κάποιον λόγο μπορούν να επιζήσουν ατομική βόμβα . | D96: 529
A97: cg_096 | B97: Εν’ αχάριστος , άξεστος , εν σέβεται τες άλλες υπάρξεις τζ̆αι το κυριόττερον καταστρέφει τον πλανήτην κάθε μέραν . | C97: Είναι αχάριστος , άξεστος , δεν σέβεται τις άλλες υπάρξεις και το κυριότερο καταστρέφει τον πλανήτη κάθε μέρα . | D97: 531
A98: cg_097 | B98: Πιστεύκω ότι αν κάποιον ζώον θα έπρεπεν να εξαφανιστεί που τον πλανήτη , τούτον θα έπρεπεν να ήταν ο άνθρωπος . | C98: Πιστεύω ότι αν κάποιο ζώο θα έπρεπε να εξαφανιστεί από τον πλανήτη , αυτό θα έπρεπε να ήταν ο άνθρωπος . | D98: 531
A99: cg_098 | B99: Ούλλα τα ζώα χρειάζουνται τζ̆αι χρησιμεύκουν σε κάτι ... | C99: Όλα τα ζώα χρειάζονται και χρησιμεύουν σε κάτι ... | D99: 532
A100: cg_099 | B100: Δηλαδή θωρώ πόσον πιο εύκολον ένι να χειρίζεσαι τους λογαριασμούς σου πλέον , ενώ έχοντας συνέχειαν πρόσβασην όπου τζ̆αι αν είσαι . | C100: Δηλαδή βλέπω πόσο πιο εύκολο είναι να χειρίζεσαι τους λογαριασμούς σου πλέον , ενώ έχοντας συνέχεια πρόσβαση όπου και αν είσαι . | D100: 535
A101: cg_100 | B101: Ε , πιστεύκω εν’ ευκολία , επειδή εν πρέπει να πηαίννεις στην τράπεζαν να τραβήσεις λεφτά , απλά πιερώννεις που το τηλέφωνον σου ή που την κάρταν . | C101: Ε , πιστεύω είναι ευκολία , επειδή δεν πρέπει να πηγαίνεις στην τράπεζα να τραβήξεις λεφτά , απλά πληρώνεις από το τηλέφωνο σου ή από την κάρτα . | D101: 537
A102: cg_101 | B102: Πε μου έναν διάσημον ιστορικόν πρόσωπον ή έναν θρύλον της κοινότητας σου . | C102: Πες μου ένα διάσημο ιστορικό πρόσωπο ή ένα θρύλο της κοινότητάς σου . | D102: 540
A103: cg_102 | B103: Έναν διάσημον ιστορικόν πρόσωπον της Κύπρου εν’ ο Μακάριος , που ήταν τζ̆αι ο πρώτος πρόεδρος του νησ̆ιού . | C103: Ένα διάσημο ιστορικό πρόσωπο της Κύπρου είναι ο Μακάριος , που ήταν και ο πρώτος πρόεδρος του νησιού . | D103: 542
A104: cg_103 | B104: Τώρα αν θεωρείται θρύλος ή όι εξαρτάται ποιον εννά ρωτήσεις τζ̆αι ίντα άποψην έχουν για τζ̆είνον , ε , εξαρτάται που το τι πιστεύκουν . | C104: Τώρα αν θεωρείται θρύλος ή όχι εξαρτάται ποιον θα ρωτήσεις και τι άποψη έχουν για εκείνον , ε , εξαρτάται από το τι πιστεύουν . | D104: 542
A105: cg_104 | B105: Δυστυχώς η κοινότητα μου εν είσ̆εν ποττέ κάποιον διάσημον ιστορικόν πρόσωπον ούτε κάποιον θρύλον απ’ όσον ξέρω φυσικά τζ̆αι απ’ όσον εκοίταξα τζ̆αι ερώτησα για να μάθω . | C105: Δυστυχώς η κοινότητα μου δεν είχε ποτέ κάποιο διάσημο ιστορικό πρόσωπο ούτε κάποιο θρύλο απ' όσο ξέρω φυσικά και απ' όσο κοίταξα και ρώτησα για να μάθω . | D105: 547
A106: cg_105 | B106: Λοιπόν τούτον το μυθικόν πρόσωπον εννά το συναντήσει κάποιος στους παραπάνω κυπριακούς θρύλους τζ̆αι μύθους της κυπριακής ιστορίας . | C106: Λοιπόν τούτο το μυθικό πρόσωπο θα το συναντήσει κάποιος στους παραπάνω κυπριακούς θρύλους και μύθους της κυπριακής ιστορίας . | D106: 548
A107: cg_106 | B107: Στην Κύπρον μπορεί να έβρει κάποιος τα κάστρα της Ρήγαινας , τα σπίθκια της Ρήγαινας ακόμα τζ̆αι τα λουτρά της Ρήγαινας , ούλλα δικά της . | C107: Στην Κύπρο μπορεί να βρει κάποιος τα κάστρα της Ρήγαινας , τα σπίτια της Ρήγαινας ακόμα και τα λουτρά της Ρήγαινας , όλα δικά της . | D107: 548
A108: cg_107 | B108: Τι βασίλισσα θα ήταν άλλωστε , αν δεν της άνηκεν ούλλη η Κύπρος̆ ; | C108: Τι βασίλισσα θα ήταν άλλωστε , αν δεν της ανήκε όλη η Κύπρος ; | D108: 548 | E108: στο normalised δεν είχε σημείο στίξης, πρόσθεσα το ;
A109: cg_108 | B109: Θθυμούμαι τα καλοτζ̆αίρκα να λύω ασκήσεις , αλλά όι πάντα , για εξάσκησην , τζ̆αι θθυμούμαι να πηαίννω διακοπές στο εξωτερικόν . | C109: Θυμάμαι τα καλοκαίρια να λύνω ασκήσεις , αλλά όχι πάντα , για εξάσκηση , και θυμάμαι να πηγαίνω διακοπές στο εξωτερικό . | D109: 564
A110: cg_109 | B110: Στην οικογένειαν σας ίνταλος προσπαθείτε να εξοικονομήσετε λεφτά ; | C110: Στην οικογένεια σας πώς προσπαθείτε να εξοικονομήσετε λεφτά ; | D110: 550
A111: cg_110 | B111: Γεννικά , αν τζ̆αι εν είμαι ππίσσης , έκοψα τον εαυτόν μου τον τελευταίον τζ̆αιρόν να κάμμει διάφορες τσιγκουνιές . | C111: Γενικά , αν και δεν είμαι πίσης , έπιασα τον εαυτό μου τον τελευταίο καιρό να κάνει διάφορες τσιγκουνιές . | D111: 555
A112: cg_111 | B112: Δαμαί στην Αθήναν υπάρχει έναν σύστημαν , που παίρνεις τα πλαστικά τζ̆αι τα μεταλλικά κουθκιά τζ̆αι ανακυκλώννεις τα , τζ̆αι διούν σου έναν ανταποδοτικόν κουπόνιν . | C112: Εδώ στην Αθήνα υπάρχει ένα σύστημα , που παίρνεις τα πλαστικά και τα μεταλλικά κουτιά και ανακυκλώνεις αυτά , και δίνουν σε σένα ένα ανταποδοτικό κουπόνι . | D112: 555
A113: cg_112 | B113: Εγιώ μαζεύκω ούλλα τα ανακυκλώσιμα που την δουλειάν τζ̆αι παίρνω τα στο μηχάνημαν . | C113: Εγώ μαζεύω όλα τα ανακυκλώσιμα από την δουλειά και τα παίρνω στο μηχάνημα . | D113: 555
A114: cg_113 | B114: Το άλλον που κάμνω , έσ̆ει να κάμει με το φαΐν : μαειρεύκω τζ̆αι τρώω για τες επόμενες θκυο - τρεις μέρες το ίδιον φαΐν . | C114: Το άλλο που κάνω , έχει να κάνει με το φαΐ : μαγειρεύω και τρώω για τις επόμενες δυο - τρεις μέρες το ίδιο φαΐ . | D114: 555
A115: cg_114 | B115: Έτσι , εν γλιτώννω μόνον ριάλλια , αλλά τζ̆αι χρόνον . | C115: Έτσι , δεν γλιτώνω μόνο ριάλια , αλλά και χρόνο . | D115: 555
A116: cg_115 | B116: Μειώννουμεν το φαΐν που έξω τζ̆αι τα ακριβά τα εστιατόρια . | C116: Μειώνουμε το φαΐ από έξω και τα ακριβά τα εστιατόρια . | D116: 556
A117: cg_116 | B117: Βασικά ... στην οικογένειαν μου προσπαθούμεν να εξοικονομήσουμεν λεφτά με πάρα πολλούς τρόπους , επειδή σαν μια μεγάλη οικογένεια , ε ... το σπίτιν μας έσ̆ει πάρα πολλά έξοδα . | C117: Βασικά … στην οικογένειά μου προσπαθούμε να εξοικονομήσουμε λεφτά με πάρα πολλούς τρόπους , επειδή σαν μια μεγάλη οικογένεια , ε ... το σπίτι μας έχει πάρα πολλά έξοδα . | D117: 557
A118: cg_117 | B118: Ο βασικός τρόπος που προσπαθούμεν να εξοικονομήσουμεν λεφτά , είναι με το να περιορίζουμεν τα ταξίδια μας , που πάμεν κάθε χρόνον , τζ̆αι τες νυχτερινές μας εξόδους . | C118: Ο βασικός τρόπος που προσπαθούμε να εξοικονομήσουμε λεφτά , είναι με το να περιορίζουμε τα ταξίδια μας , που πάμε κάθε χρόνο , και τις νυχτερινές μας εξόδους . | D118: 558
A119: cg_118 | B119: Έκαμνα δουλειές , ό,τι εμπορούσα εβοηθούσα την μάναν μου , τον τζ̆ύρην μου , εγύριζα έξω με τες όρνιθες που είχαμεν μες στον γουμάν . | C119: Έκανα δουλειές , ό,τι μπορούσα βοηθούσα την μάνα μου , τον τζύρη μου , γύριζα έξω με τις όρνιθες που είχαμε μέσα στον γουμά . | D119: 563
A120: cg_119 | B120: Ετάιζα τες όρνιθες , έπαιζα με τα ορνιθούκια τα μιτσ̆ιά . | C120: Τάιζα τις όρνιθες, έπαιζα με τα ορνιθάκια τα μικρά . | D120: 563
... A124: cg_123 | B124: Εν είμαι άνθρωπος των αθλημάτων τζ̆αι τούτον εφάνηκεν τζ̆αι στον έλεγχον ... όι ότι εκινδύνεψα να μείνω , αλλά θα εμπορούσα . | C124: Δεν είμαι άνθρωπος των αθλημάτων και αυτό φάνηκε και στον έλεγχο ... όχι ότι κινδύνεψα να μείνω , αλλά θα μπορούσα . | D124: 775
A125: cg_124 | B125: Αν τζ̆αι πρέπει να παραδεχτώ ότι εβοήθησεν με πολλά στην μετέπειτα ζωήν μου . | C125: Αν και πρέπει να παραδεχτώ ότι με βοήθησε πολύ στη μετέπειτα ζωή μου . | D125: 775 | E125: Στην προτασιακή μετάφραση σκοπός μας είναι να αποδώσουμε την δόκιμη για την ΚΝΕ σύνταξη;
A126: cg_125 | B126: Επήεν η μάνα μου να την ρωτήσει τζ̆αι είπεν της : Ο γιος σας εν’ πολλά καλός μαθητής . | C126: Πήγε η μάνα μου να τη ρωτήσει και της είπε : Ο γιός σας είναι πολύ καλός μαθητής . | D126: 775
A127: cg_126 | B127: Το επόμενον τρίμηνον εξαναπήεν η μάνα μου τζ̆αι λαλεί της : Έκαμεν πρόοδον ο γιος σου | C127: Το επόμενο τρίμηνο ξαναπήγε η μάνα μου και της λέει : Έκανε πρόοδο ο γιός σου . | D127: 775
A128: cg_127 | B128: Αρέσκει μου να θκιαβάζω τζ̆αι αρέσκει μου τζ̆αι να γράφω πολλά . | C128: Μου αρέσει να διαβάζω και μου αρέσει και να γράφω πολύ . | D128: 777
A129: cg_128 | B129: Νομίζω εν έσ̆ει κάποιαν μορφή τέχνης που εν μου αρέσκει . | C129: Νομίζω δεν υπάρχει κάποια μορφή τέχνης που δεν μου αρέσει . | D129: 780
A130: cg_129 | B130: Κάποιαν παλιάν φίλην που εν θα εξίαννα ποττέ ήταν η φίλη που έκαμα στο γυμνάσιον με την οποία είχαμεν μιαν πολλά στενήν σχέσην τζ̆αι δυστυχώς εν είμαστεν φίλες πλέον . | C130: Κάποια παλιά φίλη που δεν θα ξεχνούσα ποτέ ήταν η φίλη που έκανα στο γυμνάσιο με την οποία είχαμε μια πολύ στενή σχέση και δυστυχώς δεν είμαστε φίλες πλέον . | D130: 788
A131: cg_130 | B131: Αθθυμούμαι στην γειτονιάν μου στην Παλλουρκώτισσαν είσ̆εν κάτι σκαλιά στον δρόμον , που τους έβαλεν ο δήμος στο ενδιάμεσον έναν κάντζ̆ελλον - ήταν βαμμένα τζ̆ίτρινον χρώμαν , αν αθθυμούμαι καλά . | C131: Θυμάμαι στη γειτονιά μου στην Παλλουρκιώτισσα ήταν κάτι σκαλιά στον δρόμο , που τους έβαλε ο δήμος στο ενδιάμεσο ένα κάγκελο - ήταν βαμμένα κίτρινο χρώμα , αν θυμάμαι καλά . | D131: 791 | E131: κάγκελο, εισέν
A132: cg_131 | B132: Τούτον το κάντζ̆ελλον ήταν ιδιόμορφον τζ̆’ εμπορούσες να φκεις πάνω , να βάλεις το έναν πόιν δεξιά , το άλλον πόιν αριστερά , να κάτσεις πάνω τζ̆αι να τζ̆υλήσεις . | C132: Τούτο το κάγκελο ήταν ιδιόμορφο και μπορούσες να ανέβεις πάνω , να βάλεις το ένα πόδι δεξιά , το άλλο πόδι αριστερά , να κάτσεις πάνω και να τσουλήσεις . | D132: 791 | E132: τζι = κι; φκεις < φκιάννω = πιάνω; Μια γνωστή μου Κύπρια μου είπε ανεβαίνω αλλά δεν το βρίσκω στο λεξικό | F132: ΣΑ: τζ̆’ = κι / φκεις = βγεις (ρ. φκαίννω)
...

Sheet Tokens
A1: sentence_id | B1: variant | C1: token_1 | D1: token_2 | E1: token_3 | F1: token_4 | G1: token_5 | H1: token_6 | I1: token_7 | J1: token_8 | K1: token_9 | L1: token_10 | M1: token_11 | N1: token_12 | O1: token_13 | P1: token_14 | Q1: token_15 | R1: token_16 | S1: token_17 | T1: token_18 | U1: token_19 | V1: token_20 | W1: token_21 | X1: token_22 | Y1: token_23 | Z1: token_24 | AA1: token_25 | AB1: token_26 | AC1: token_27 | AD1: token_28 | AE1: token_29 | AF1: token_30 | AG1: token_31 | AH1: token_32 | AI1: token_33 | AJ1: token_34 | AK1: token_35 | AL1: token_36 | AM1: token_37 | AN1: token_38 | AO1: token_39 | AP1: token_40
A2: cg_001 | B2: CG | C2: {=IF(B2="CG", _xlfn.TEXTSPLIT(_xlfn.XLOOKUP(A2, Sentences!A:A, Sentences!B:B), " "), "")} -> Δυστυχώς | D2: πάνω | E2: σε | F2: τούντο | G2: θέμαν | H2: εν | I2: κατέχω | J2: πολλές | K2: πληροφοριές | L2: , | M2: λόγω | N2: του | O2: ότι | P2: τζ̆αι | Q2: ο | R2: παππούς | S2: μου | T2: τζ̆αι | U2: η | V2: γιαγιά | W2: μου | X2: που | Y2: την | Z2: πλευρά | AA2: του | AB2: παπά | AC2: μου | AD2: , | AE2: δηλαδή | AF2: στην | AG2: Κύπρο | AH2: , | AI2: επεθάναν | AJ2: πριν | AK2: γεννηθώ | AL2: .
A3: cg_001 | B3: SMG | C3: Δυστυχώς | D3: πάνω | E3: σε | F3: τούτο το | G3: θέμα | H3: δεν | I3: κατέχω | J3: πολλές | K3: πληροφορίες | L3: , | M3: λόγω | N3: του | O3: ότι | P3: και | Q3: ο | R3: παππούς | S3: μου | T3: και | U3: η | V3: γιαγιά | W3: μου | X3: από | Y3: την | Z3: πλευρά | AA3: του | AB3: παπά | AC3: μου | AD3: , | AE3: δηλαδή | AF3: στην | AG3: Κύπρο | AH3: , | AI3: πέθαναν | AJ3: πριν | AK3: γεννηθώ | AL3: .
A4: cg_002 | B4: CG | C4: {=IF(B4="CG", _xlfn.TEXTSPLIT(_xlfn.XLOOKUP(A4, Sentences!A:A, Sentences!B:B), " "), "")} -> Εεε | D4: ... | E4: Οι | F4: πιο | G4: μεγάλοι | H4: της | I4: κοινότητας | J4: μου | K4: συνήθως | L4: μουρμουρούν | M4: για | N4: τους | O4: μιτσ̆ιούς | P4: ότι | Q4: εν | R4: σέβουνται | S4: , | T4: ότι | U4: εν’ | V4: ττεμπέληες | W4: ...
A5: cg_002 | B5: SMG | C5: Εεε | D5: ... | E5: Οι | F5: πιο | G5: μεγάλοι | H5: της | I5: κοινότητας | J5: μου | K5: συνήθως | L5: μουρμουρούν | M5: για | N5: τους | O5: μιτσιούς | P5: ότι | Q5: δεν | R5: σέβονται | S5: , | T5: ότι | U5: είναι | V5: ττεμπέληδες | W5: ...
A6: cg_003 | B6: CG | C6: {=IF(B6="CG", _xlfn.TEXTSPLIT(_xlfn.XLOOKUP(A6, Sentences!A:A, Sentences!B:B), " "), "")} -> Νομίζω | D6: στην | E6: κοινότηταν | F6: μου | G6: οι | H6: πιο | I6: μιάλοι | J6: εν | K6: έχουν | L6: κάποιαν | M6: συσχέτισην | N6: ή | O6: κάποιαν | P6: σχέσην | Q6: με | R6: τες | S6: πιο | T6: μιτσ̆ιές | U6: γενιές | V6: .
A7: cg_003 | B7: SMG | C7: Νομίζω | D7: στην | E7: κοινότητα | F7: μου | G7: οι | H7: πιο | I7: μιάλοι | J7: δεν | K7: έχουν | L7: κάποια | M7: συσχέτιση | N7: ή | O7: κάποια | P7: σχέση | Q7: με | R7: τες | S7: πιο | T7: μιτσιές | U7: γενιές | V7: .
A8: cg_004 | B8: CG | C8: {=IF(B8="CG", _xlfn.TEXTSPLIT(_xlfn.XLOOKUP(A8, Sentences!A:A, Sentences!B:B), " "), "")} -> Νομίζω | D8: ότι | E8: οι | F8: πιο | G8: μιτσ̆ιές | H8: γενιές | I8: διδάσκουνται | J8: παραπάνω | K8: που | L8: το | M8: ίντερνετ | N8: τζ̆αι | O8: όι | P8: που | Q8: τους | R8: μεγαλλύττερους | S8: .
A9: cg_004 | B9: SMG | C9: Νομίζω | D9: ότι | E9: οι | F9: πιο | G9: μιτσιές | H9: γενιές | I9: διδάσκονται | J9: παραπάνω | K9: από | L9: το | M9: ίντερνετ | N9: και | O9: όχι | P9: από | Q9: τους | R9: μεγαλύτερους | S9: .
A10: cg_005 | B10: CG | C10: {=IF(B10="CG", _xlfn.TEXTSPLIT(_xlfn.XLOOKUP(A10, Sentences!A:A, Sentences!B:B), " "), "")} -> Το | D10: πιο | E10: δυνατόν | F10: καιρικόν | G10: φαινόμενον | H10: που | I10: έζησα | J10: εν- | K10: εν’ | L10: οι | M10: καύσωνες | N10: της | O10: Κύπρου | P10: , | Q10: τα | R10: καλοτζ̆αίρκα | S10: , | T10: ειδικά | U10: τζ̆είνος | V10: ο | W10: Ιούλιος | X10: .
A11: cg_005 | B11: SMG | C11: Το | D11: πιο | E11: δυνατό | F11: καιρικό | G11: φαινόμενο | H11: που | I11: έζησα | J11: είναι- | K11: είναι | L11: οι | M11: καύσωνες | N11: της | O11: Κύπρου | P11: , | Q11: τα | R11: καλοτζαίρια | S11: , | T11: ειδικά | U11: εκείνος | V11: ο | W11: Ιούλιος | X11: .
A12: cg_006 | B12: CG | C12: {=IF(B12="CG", _xlfn.TEXTSPLIT(_xlfn.XLOOKUP(A12, Sentences!A:A, Sentences!B:B), " "), "")} -> Το | D12: πιο | E12: δυνατόν | F12: καιρικόν | G12: φαινόμενον | H12: που | I12: έζησα | J12: πρέπει | K12: να | L12: 'ταν | M12: κανένας | N12: σεισμός | O12: .
A13: cg_006 | B13: SMG | C13: Το | D13: πιο | E13: δυνατό | F13: καιρικό | G13: φαινόμενο | H13: που | I13: έζησα | J13: πρέπει | K13: να | L13: ταν | M13: κανένας | N13: σεισμός | O13: .
A14: cg_007 | B14: CG | C14: {=IF(B14="CG", _xlfn.TEXTSPLIT(_xlfn.XLOOKUP(A14, Sentences!A:A, Sentences!B:B), " "), "")} -> Εν | D14: έζησα | E14: κάποιον | F14: ... | G14: ιδιαίτερα | H14: δυνατόν | I14: καιρικόν | J14: φαινόμενον | K14: στην | L14: ζωή | M14: μου | N14: .
A15: cg_007 | B15: SMG | C15: Δεν | D15: έζησα | E15: κάποιο | F15: ... | G15: ιδιαίτερα | H15: δυνατό | I15: καιρικό | J15: φαινόμενο | K15: στη | L15: ζωή | M15: μου | N15: .
A16: cg_008 | B16: CG | C16: {=IF(B16="CG", _xlfn.TEXTSPLIT(_xlfn.XLOOKUP(A16, Sentences!A:A, Sentences!B:B), " "), "")} -> Το | D16: όνομαν | E16: μου | F16: , | G16: Σάρα | H16: , | I16: σημαίνει | J16: πριγκίπισσα | K16: στα | L16: εβραϊκά | M16: τζ̆αι | N16: εφκάλαν | O16: με | P16: έτσι | Q16: γιατί | R16: άρεσκεν | S16: πάρα | T16: πολλά | U16: του | V16: παπά | W16: μου | X16: .
A17: cg_008 | B17: SMG | C17: Το | D17: όνομα | E17: μου | F17: , | G17: Σάρα | H17: , | I17: σημαίνει | J17: πριγκίπισσα | K17: στα | L17: εβραϊκά | M17: και | N17: φκάλαν | O17: με | P17: έτσι | Q17: γιατί | R17: άρεσκε | S17: πάρα | T17: πολύ | U17: του | V17: παπά | W17: μου | X17: .
A18: cg_009 | B18: CG | C18: {=IF(B18="CG", _xlfn.TEXTSPLIT(_xlfn.XLOOKUP(A18, Sentences!A:A, Sentences!B:B), " "), "")} -> Το | D18: όνομαν | E18: Βασιλική | F18: έσ̆ει | G18: σχέσην | H18: με | I18: την | J18: βασιλείαν | K18: τζ̆αι | L18: συγκεκριμένα | M18: με | N18: την | O18: γυναίκαν | P18: που | Q18: έσ̆ει | R18: βασιλικήν | S18: καταγωγήν | T18: .
A19: cg_009 | B19: SMG | C19: Το | D19: όνομα | E19: Βασιλική | F19: έχει | G19: σχέση | H19: με | I19: την | J19: βασιλεία | K19: και | L19: συγκεκριμένα | M19: με | N19: την | O19: γυναίκα | P19: που | Q19: έχει | R19: βασιλική | S19: καταγωγή | T19: .
A20: cg_010 | B20: CG | C20: {=IF(B20="CG", _xlfn.TEXTSPLIT(_xlfn.XLOOKUP(A20, Sentences!A:A, Sentences!B:B), " "), "")} -> Το | D20: όνομαν | E20: μου | F20: σημαίνει | G20: θεά | H20: της | I20: σοφίας | J20: τζ̆αι | K20: του | L20: στρατηγικού | M20: πολέμου | N20: .
A21: cg_010 | B21: SMG | C21: Το | D21: όνομα | E21: μου | F21: σημαίνει | G21: θεά | H21: της | I21: σοφίας | J21: και | K21: του | L21: στρατηγικού | M21: πολέμου | N21: .
A22: cg_011 | B22: CG | C22: {=IF(B22="CG", _xlfn.TEXTSPLIT(_xlfn.XLOOKUP(A22, Sentences!A:A, Sentences!B:B), " "), "")} -> Δυστυχώς | D22: εν | E22: ακούω | F22: ούτε | G22: κυπριακήν | H22: ούτε | I22: ελληνικήν | J22: μουσικήν | K22: για | L22: να | M22: μπορώ | N22: να | O22: πω | P22: κάποιον | Q22: παράδειγμαν | R22: .
A23: cg_011 | B23: SMG | C23: Δυστυχώς | D23: δεν | E23: ακούω | F23: ούτε | G23: κυπριακή | H23: ούτε | I23: ελληνική | J23: μουσική | K23: για | L23: να | M23: μπορώ | N23: να | O23: πω | P23: κάποιο | Q23: παράδειγμα | R23: .
A24: cg_012 | B24: CG | C24: {=IF(B24="CG", _xlfn.TEXTSPLIT(_xlfn.XLOOKUP(A24, Sentences!A:A, Sentences!B:B), " "), "")} -> Ξέρω | D24: έναν | E24: κυπριακόν | F24: τραούδιν | G24: , | H24: το | I24: Ασ̆ερόμπασμαν | J24: , | K24: αλλά | L24: εν | M24: θθυμούμαι | N24: τους | O24: στίχους | P24: του | Q24: τζ̆αι | R24: λογικά | S24: εν | T24: θα | U24: τους | V24: ελαλούσα | W24: καλά | X24: έτσι | Y24: τζ̆’ | Z24: αλλιώς | AA24: .
A25: cg_012 | B25: SMG | C25: Ξέρω | D25: ένα | E25: κυπριακό | F25: τραούδι | G25: , | H25: το | I25: Ασερόμπασμα | J25: , | K25: αλλά | L25: δεν | M25: θθυμάμαι | N25: τους | O25: στίχους | P25: του | Q25: και | R25: λογικά | S25: δεν | T25: θα | U25: τους | V25: λαλούσα | W25: καλά | X25: έτσι | Y25: κι | Z25: αλλιώς | AA25: .
A26: cg_013 | B26: CG | C26: {=IF(B26="CG", _xlfn.TEXTSPLIT(_xlfn.XLOOKUP(A26, Sentences!A:A, Sentences!B:B), " "), "")} -> Εν | D26: ι-ξέρω | E26: ούλλα | F26: τα | G26: λόγια | H26: κάποιου | I26: συγκεκριμμένου | J26: τραουθκιού | K26: .
A27: cg_013 | B27: SMG | C27: Δεν | D27: ξέρω | E27: όλα | F27: τα | G27: λόγια | H27: κάποιου | I27: συγκεκριμμένου | J27: τραουθκιού | K27: .
A28: cg_014 | B28: CG | C28: {=IF(B28="CG", _xlfn.TEXTSPLIT(_xlfn.XLOOKUP(A28, Sentences!A:A, Sentences!B:B), " "), "")} -> Νναι | D28: ξέρω | E28: να | F28: οδηγώ | G28: τζ̆αι | H28: είμαι | I28: τζ̆αι | J28: περήφανη | K28: ότι | L28: μπορώ | M28: να | N28: οδηγήσω | O28: ούλλα | P28: τ’ | Q28: αυτοκίνητα | R28: , | S28: όποτε | T28: αν | U28: χρειαστεί | V28: να | W28: πάει | X28: έναν | Y28: αυτοκίνητον | Z28: κάπου | AA28: , | AB28: πιάννουν | AC28: με | AD28: εμέναν | AE28: τηλέφωνον | AF28: .
A29: cg_014 | B29: SMG | C29: Ναι | D29: ξέρω | E29: να | F29: οδηγώ | G29: και | H29: είμαι | I29: και | J29: περήφανη | K29: που | L29: μπορώ | M29: να | N29: οδηγήσω | O29: όλα | P29: τα | Q29: αυτοκίνητα | R29: , | S29: οπότέ | T29: αν | U29: χρειαστεί | V29: να | W29: πάει | X29: ένα | Y29: αυτοκίνητο | Z29: κάπου | AA29: , | AB29: πιάννουν | AC29: με | AD29: εμένα | AE29: τηλέφωνο | AF29: .
A30: cg_015 | B30: CG | C30: {=IF(B30="CG", _xlfn.TEXTSPLIT(_xlfn.XLOOKUP(A30, Sentences!A:A, Sentences!B:B), " "), "")} -> Νναι | D30: ξέρω | E30: να | F30: οδηγώ | G30: , | H30: όμως | I30: το | J30: μόνον | K30: πράμαν | L30: που | M30: μπορώ | N30: να | O30: οδηγώ | P30: εν' | Q30: το | R30: αυτόματον | S30: αυτοκίνητον | T30: , | U30: τίποτε | V30: άλλον | W30: .
A31: cg_015 | B31: SMG | C31: Ναι | D31: ξέρω | E31: να | F31: οδηγώ | G31: , | H31: όμως | I31: το | J31: μόνο | K31: πράγμα | L31: που | M31: μπορώ | N31: να | O31: οδηγώ | P31: είναι | Q31: το | R31: αυτόματο | S31: αυτοκίνητο | T31: , | U31: τίποτε | V31: άλλο | W31: .
A32: cg_016 | B32: CG | C32: {=IF(B32="CG", _xlfn.TEXTSPLIT(_xlfn.XLOOKUP(A32, Sentences!A:A, Sentences!B:B), " "), "")} -> Ξέρω | D32: να | E32: οδηγώ | F32: , | G32: έχω | H32: άδειαν | I32: οδήγησης | J32: που | K32: τα | L32: δεκαεννιά | M32: μου | N32: .
A33: cg_016 | B33: SMG | C33: Ξέρω | D33: να | E33: οδηγώ | F33: , | G33: έχω | H33: άδεια | I33: οδήγησης | J33: από | K33: τα | L33: δεκαεννιά | M33: μου | N33: .
A34: cg_017 | B34: CG | C34: {=IF(B34="CG", _xlfn.TEXTSPLIT(_xlfn.XLOOKUP(A34, Sentences!A:A, Sentences!B:B), " "), "")} -> Τα | D34: οχήματα | E34: που | F34: οδήγησα | G34: εν’ | H34: το | I34: αυτοκίνητον | J34: , | K34: τράχτορ | L34: τζ̆αι | M34: μοτοσικλέτταν | N34: .
A35: cg_017 | B35: SMG | C35: Τα | D35: οχήματα | E35: που | F35: οδήγησα | G35: είναι | H35: το | I35: αυτοκίνητο | J35: , | K35: τράχτορ | L35: και | M35: μοτοσικλέτα | N35: .
A36: cg_018 | B36: CG | C36: {=IF(B36="CG", _xlfn.TEXTSPLIT(_xlfn.XLOOKUP(A36, Sentences!A:A, Sentences!B:B), " "), "")} -> Πραγματικά | D36: εν | E36: ι-ξέρω | F36: κατά | G36: πόσον | H36: οι | I36: τράπεζες | J36: όντως | K36: κρατούν | L36: τα | M36: λεφτά | N36: ασφαλισμένα | O36: .
A37: cg_018 | B37: SMG | C37: Πραγματικά | D37: δεν | E37: ξέρω | F37: κατά | G37: πόσον | H37: οι | I37: τράπεζες | J37: όντως | K37: κρατούν | L37: τα | M37: λεφτά | N37: ασφαλισμένα | O37: .
A38: cg_019 | B38: CG | C38: {=IF(B38="CG", _xlfn.TEXTSPLIT(_xlfn.XLOOKUP(A38, Sentences!A:A, Sentences!B:B), " "), "")} -> Ε | D38: ... | E38: Οι | F38: τράπεζες | G38: υποτίθεται | H38: ότι | I38: τωρά | J38: εγγυούνται | K38: σου | L38: μέχρι | M38: εκατόν | N38: σ̆ιλιάες | O38: ευρώ | P38: στες | Q38: καταθέσεις | R38: σου | S38: , | T38: τζ̆αι | U38: τούτον | V38: ήρτεν | W38: μετά | X38: που | Y38: ... | Z38: νομίζω | AA38: αν | AB38: δεν | AC38: κάμνω | AD38: λάθος | AE38: εν’ | AF38: ευρωπαϊκή | AG38: νομοθεσία | AH38: τούτη | AI38: .
A39: cg_019 | B39: SMG | C39: Ε | D39: ... | E39: Οι | F39: τράπεζες | G39: υποτίθεται | H39: ότι | I39: τώρα | J39: εγγυούνται | K39: σου | L39: μέχρι | M39: εκατό | N39: χιλιάδες | O39: ευρώ | P39: στις | Q39: καταθέσεις | R39: σου | S39: , | T39: και | U39: τούτο | V39: ήρθε | W39: μετά | X39: που | Y39: ... | Z39: νομίζω | AA39: αν | AB39: δεν | AC39: κάνω | AD39: λάθος | AE39: είναι | AF39: ευρωπαϊκή | AG39: νομοθεσία | AH39: τούτη | AI39: .
A40: cg_020 | B40: CG | C40: {=IF(B40="CG", _xlfn.TEXTSPLIT(_xlfn.XLOOKUP(A40, Sentences!A:A, Sentences!B:B), " "), "")} -> Ε | D40: ... | E40: Απ΄ | F40: όσον | G40: ξέρω | H40: για | I40: τα | J40: συστήματα | K40: που | L40: έχουν | M40: οι | N40: τράπεζες | O40: για | P40: προστασίαν | Q40: γεννικά | R40: έχουν | S40: συναγερμούς | T40: , | U40: κκάμερες | V40: , | W40: χρηματοκιβώτια | X40: .
A41: cg_020 | B41: SMG | C41: Ε | D41: ... | E41: Απ' | F41: όσο | G41: ξέρω | H41: για | I41: τα | J41: συστήματα | K41: που | L41: έχουν | M41: οι | N41: τράπεζες | O41: για | P41: προστασία | Q41: γενικά | R41: έχουν | S41: συναγερμούς | T41: , | U41: κάμερες | V41: , | W41: χρηματοκιβώτια | X41: .
A42: cg_021 | B42: CG | C42: {=IF(B42="CG", _xlfn.TEXTSPLIT(_xlfn.XLOOKUP(A42, Sentences!A:A, Sentences!B:B), " "), "")} -> Εμμ | D42: , | E42: εγώ | F42: τζ̆αι | G42: η | H42: μάμμα | I42: μου | J42: μοιραζούμαστεν | K42: τα | L42: οικονομικά | M42: έξοδα | N42: σπίτιν | O42: μας | P42: .
A43: cg_021 | B43: SMG | C43: Εμμ | D43: , | E43: εγώ | F43: και | G43: η | H43: μαμά | I43: μου | J43: μοιραζούμαστε | K43: τα | L43: οικονομικά | M43: έξοδα | N43: σπίτι | O43: μας | P43: .
A44: cg_022 | B44: CG | C44: {=IF(B44="CG", _xlfn.TEXTSPLIT(_xlfn.XLOOKUP(A44, Sentences!A:A, Sentences!B:B), " "), "")} -> Προσπαθώ | D44: να | E44: έχω | F44: λλίην | G44: έννοιαν | H44: του | I44: ίνταμπου | J44: ξοδεύκω | K44: κάθε | L44: μήναν | M44: .
A45: cg_022 | B45: SMG | C45: Προσπαθώ | D45: να | E45: έχω | F45: λλίγη | G45: έγνοια | H45: του | I45: πού | J45: ξοδεύκω | K45: κάθε | L45: μήνα | M45: .
A46: cg_023 | B46: CG | C46: {=IF(B46="CG", _xlfn.TEXTSPLIT(_xlfn.XLOOKUP(A46, Sentences!A:A, Sentences!B:B), " "), "")} -> Επειδή | D46: είμαι | E46: μόνος | F46: μου | G46: , | H46: τα | I46: οικονομικά | J46: μου | K46: εν' | L46: πολλά | M46: απλά | N46: .
A47: cg_023 | B47: SMG | C47: Επειδή | D47: είμαι | E47: μόνος | F47: μου | G47: , | H47: τα | I47: οικονομικά | J47: μου | K47: είναι | L47: πολύ | M47: απλά | N47: .
A48: cg_024 | B48: CG | C48: {=IF(B48="CG", _xlfn.TEXTSPLIT(_xlfn.XLOOKUP(A48, Sentences!A:A, Sentences!B:B), " "), "")} -> Σε | D48: σχέσην | E48: με | F48: άλλες | G48: ευρωπαϊκές | H48: χώρες | I48: θεωρώ | J48: ότι | K48: η | L48: Κύπρος | M48: έσ̆ει | N48: ακόμα | O48: να | P48: ... | Q48: να | R48: ... | S48: αναπτυχθεί | T48: όσον | U48: αφορά | V48: την | W48: ιατρικήν | X48: περίθαλψην | Y48: .
A49: cg_024 | B49: SMG | C49: Σε | D49: σχέση | E49: με | F49: άλλες | G49: ευρωπαϊκές | H49: χώρες | I49: θεωρώ | J49: οτι | K49: η | L49: Κύπρος | M49: έχει | N49: ακόμα | O49: να | P49: ... | Q49: να | R49: ... | S49: αναπτυχθεί | T49: όσον | U49: αφορά | V49: την | W49: ιατρική | X49: περίθαλψη | Y49: .
A50: cg_025 | B50: CG | C50: {=IF(B50="CG", _xlfn.TEXTSPLIT(_xlfn.XLOOKUP(A50, Sentences!A:A, Sentences!B:B), " "), "")} -> Αν | D50: μιλούμεν | E50: για | F50: την | G50: κοινότηταν | H50: μου | I50: , | J50: νομίζω | K50: εν | L50: έσ̆ει | M50: καν | N50: γιατρόν | O50: .
A51: cg_025 | B51: SMG | C51: Αν | D51: μιλούμε | E51: για | F51: την | G51: κοινότητα | H51: μου | I51: , | J51: νομίζω | K51: δεν | L51: έχει | M51: καν | N51: γιατρό | O51: .
A52: cg_026 | B52: CG | C52: {=IF(B52="CG", _xlfn.TEXTSPLIT(_xlfn.XLOOKUP(A52, Sentences!A:A, Sentences!B:B), " "), "")} -> Η | D52: Ελλάδα | E52: εν | F52: φημίζεται | G52: για | H52: την | I52: καλήν | J52: ιατρικήν | K52: περίθαλψην | L52: που | M52: έσ̆ει | N52: .
A53: cg_026 | B53: SMG | C53: Η | D53: Ελλάδα | E53: δεν | F53: φημίζεται | G53: για | H53: την | I53: καλή | J53: ιατρική | K53: περίθαλψη | L53: που | M53: έχει | N53: .
A54: cg_027 | B54: CG | C54: {=IF(B54="CG", _xlfn.TEXTSPLIT(_xlfn.XLOOKUP(A54, Sentences!A:A, Sentences!B:B), " "), "")} -> Εν | D54: μετανιώννω | E54: για | F54: το | G54: παρελθόν | H54: μου | I54: .
A55: cg_027 | B55: SMG | C55: Δεν | D55: μετανιώνω | E55: για | F55: το | G55: παρελθόν | H55: μου | I55: .
A56: cg_028 | B56: CG | C56: {=IF(B56="CG", _xlfn.TEXTSPLIT(_xlfn.XLOOKUP(A56, Sentences!A:A, Sentences!B:B), " "), "")} -> Εε | D56: ... | E56: Θεωρώ | F56: πως | G56: εν | H56: εμετάνιωσα | I56: για | J56: κάτι | K56: στην | L56: ζωήν | M56: μου | N56: μεγάλον | O56: .
A57: cg_028 | B57: SMG | C57: Εε | D57: ... | E57: Θεωρώ | F57: πως | G57: δεν | H57: μετάνιωσα | I57: για | J57: κάτι | K57: στη | L57: ζωή | M57: μου | N57: μεγάλο | O57: .
A58: cg_029 | B58: CG | C58: {=IF(B58="CG", _xlfn.TEXTSPLIT(_xlfn.XLOOKUP(A58, Sentences!A:A, Sentences!B:B), " "), "")} -> Νναι | D58: , | E58: εμετάνιωσα | F58: που | G58: εν | H58: επήα | I58: αγγλικόν | J58: σχολείον | K58: στην | L58: παιδικήν | M58: μου | N58: ηλικίαν | O58: όπως | P58: μου | Q58: ελάλεν | R58: ο | S58: παπάς | T58: μου | U58: .
A59: cg_029 | B59: SMG | C59: Ναι | D59: , | E59: μετάνιωσα | F59: που | G59: δεν | H59: πήγα | I59: αγγλικό | J59: σχολείο | K59: στην | L59: παιδική | M59: μου | N59: ηλικία | O59: όπως | P59: μου | Q59: έλαλε | R59: ο | S59: παπάς | T59: μου | U59: .
A60: cg_030 | B60: CG | C60: {=IF(B60="CG", _xlfn.TEXTSPLIT(_xlfn.XLOOKUP(A60, Sentences!A:A, Sentences!B:B), " "), "")} -> Η | D60: αλήθκεια | E60: εν | F60: ότι | G60: μιαν | H60: φοράν | I60: επήα | J60: σε | K60: κάποιον | L60: σπίτιν | M60: που | N60: τους | O60: γείτονες | P60: μου | Q60: , | R60: όταν | S60: ήμουν | T60: μιτσής | U60: , | V60: τζ̆αι | W60: είχαν | X60: με | Y60: τζ̆εράσει | Z60: σάντουιτς̆ | AA60: τζ̆αι | AB60: χυμόν | AC60: .
A61: cg_030 | B61: SMG | C61: Η | D61: αλήθκεια | E61: είναι | F61: ότι | G61: μία | H61: φορά | I61: πήγα | J61: σε | K61: κάποιο | L61: σπίτι | M61: από | N61: τους | O61: γείτονες | P61: μου | Q61: , | R61: όταν | S61: ήμουν | T61: μιτσής | U61: , | V61: και | W61: είχαν | X61: με | Y61: τζεράσει | Z61: σαντουιτς | AA61: και | AB61: χυμό | AC61: .
A62: cg_031 | B62: CG | C62: {=IF(B62="CG", _xlfn.TEXTSPLIT(_xlfn.XLOOKUP(A62, Sentences!A:A, Sentences!B:B), " "), "")} -> Τζ̆είνον | D62: που | E62: με | F62: ανησυχεί | G62: παραπάνω | H62: τωρά | I62: , | J62: εμ | K62: , | L62: εν’ | M62: ότι | N62: βλέπω | O62: ότι | P62: η | Q62: αστυνομία | R62: κινείται | S62: κάπως | T62: αυθαίρετα | U62: χωρίς | V62: να | W62: λογοδοτεί | X62: σε | Y62: κάποιον | Z62: τζ̆αι | AA62: βλέπουμεν | AB62: παραπάνω | AC62: επεισόδια | AD62: με | AE62: αστυνομικήν | AF62: βίαν | AG62: προς | AH62: τους | AI62: συμπολίτες | AJ62: μας | AK62: .
A63: cg_031 | B63: SMG | C63: Εκείνο | D63: που | E63: με | F63: ανησυχεί | G63: παραπάνω | H63: τώρα | I63: , | J63: εμ | K63: , | L63: είναι | M63: ότι | N63: βλέπω | O63: ότι | P63: η | Q63: αστυνομία | R63: κινείται | S63: κάπως | T63: αυθαίρετα | U63: χωρίς | V63: να | W63: λογοδοτεί | X63: σε | Y63: κάποιον | Z63: και | AA63: βλέπουμε | AB63: παραπάνω | AC63: επεισόδια | AD63: με | AE63: αστυνομική | AF63: βία | AG63: προς | AH63: τους | AI63: συμπολίτες | AJ63: μας | AK63: .
A64: cg_032 | B64: CG | C64: {=IF(B64="CG", _xlfn.TEXTSPLIT(_xlfn.XLOOKUP(A64, Sentences!A:A, Sentences!B:B), " "), "")} -> Το | D64: πράμαν | E64: που | F64: φοούμαι | G64: εγώ | H64: παραπάνω | I64: εν' | J64: οι | K64: αράχνες | L64: .
A65: cg_032 | B65: SMG | C65: Το | D65: πράγμα | E65: που | F65: φοάμαι | G65: εγώ | H65: παραπάνω | I65: είναι | J65: οι | K65: αράχνες | L65: .
A66: cg_033 | B66: CG | C66: {=IF(B66="CG", _xlfn.TEXTSPLIT(_xlfn.XLOOKUP(A66, Sentences!A:A, Sentences!B:B), " "), "")} -> Τούτον | D66: που | E66: φοούμαι | F66: παραπάνω | G66: που | H66: ούλλα | I66: εν' | J66: ο | K66: θάνατος | L66: .
A67: cg_033 | B67: SMG | C67: Τούτο | D67: που | E67: φοάμαι | F67: παραπάνω | G67: από | H67: όλα | I67: είναι | J67: ο | K67: θάνατος | L67: .
A68: cg_034 | B68: CG | C68: {=IF(B68="CG", _xlfn.TEXTSPLIT(_xlfn.XLOOKUP(A68, Sentences!A:A, Sentences!B:B), " "), "")} -> Τζ̆είνον | D68: που | E68: φοούμαι | F68: παραπάνω | G68: εν’ | H68: το | I68: να | J68: μεν | K68: πετύχω | L68: τους | M68: στόχους | N68: που | O68: έχω | P68: για | Q68: τον | R68: εαυτόν | S68: μου | T68: .
A69: cg_034 | B69: SMG | C69: Εκείνο | D69: που | E69: φοάμαι | F69: παραπάνω | G69: είναι | H69: το | I69: να | J69: μην | K69: πετύχω | L69: τους | M69: στόχους | N69: που | O69: έχω | P69: για | Q69: τον | R69: εαυτό | S69: μου | T69: .
A70: cg_035 | B70: CG | C70: {=IF(B70="CG", _xlfn.TEXTSPLIT(_xlfn.XLOOKUP(A70, Sentences!A:A, Sentences!B:B), " "), "")} -> Όι | D70: εν | E70: έσ̆ει | F70: κάποιον | G70: ρούχον | H70: που | I70: μ’ | J70: αρέσκει | K70: να | L70: το | M70: φορώ | N70: ιδιαίτερα | O70: .
A71: cg_035 | B71: SMG | C71: Όχι | D71: δεν | E71: έχει | F71: κάποιο | G71: ρούχο | H71: που | I71: μ΄ | J71: αρέσκει | K71: να | L71: το | M71: φορώ | N71: ιδιαίτερα | O71: .
A72: cg_036 | B72: CG | C72: {=IF(B72="CG", _xlfn.TEXTSPLIT(_xlfn.XLOOKUP(A72, Sentences!A:A, Sentences!B:B), " "), "")} -> Τα | D72: πιο | E72: σημαντικά | F72: είδη | G72: δημόσιων | H72: υπηρεσιών | I72: για | J72: την | K72: κοινότηταν | L72: εν’ | M72: η | N72: δημόσια | O72: υγεία | P72: τζ̆αι | Q72: οι | R72: υπηρεσίες | S72: που | T72: έχουν | U72: να | V72: κάμουν | W72: με | X72: την | Y72: δημόσιαν | Z72: υγείαν | AA72: .
A73: cg_036 | B73: SMG | C73: Τα | D73: πιο | E73: σημαντικά | F73: είδη | G73: δημοσίων | H73: υπηρεσιών | I73: για | J73: την | K73: κοινότητα | L73: είναι | M73: η | N73: δημόσια | O73: υγεία | P73: και | Q73: οι | R73: υπηρεσίες | S73: που | T73: έχουν | U73: να | V73: κάμουν | W73: με | X73: την | Y73: δημόσια | Z73: υγεία | AA73: .
A74: cg_037 | B74: CG | C74: {=IF(B74="CG", _xlfn.TEXTSPLIT(_xlfn.XLOOKUP(A74, Sentences!A:A, Sentences!B:B), " "), "")} -> Στον | D74: τελευταίον | E74: εργασιακόν | F74: χώρον | G74: που | H74: εδούλευκα | I74: εκάμνασιν | J74: εκστρατείες | K74: μιαν | L74: φοράν | M74: κάθε | N74: εξάμηνον | O74: .
A75: cg_037 | B75: SMG | C75: Στον | D75: τελευταίο | E75: εργασιακό | F75: χώρο | G75: που | H75: δούλευκα | I75: κάμναν | J75: εκστρατείες | K75: μία | L75: φορά | M75: κάθε | N75: εξάμηνο | O75: .
A76: cg_038 | B76: CG | C76: {=IF(B76="CG", _xlfn.TEXTSPLIT(_xlfn.XLOOKUP(A76, Sentences!A:A, Sentences!B:B), " "), "")} -> Τροφές | D76: οι | E76: οποίες | F76: γνωρίζω | G76: ότι | H76: εν’ | I76: υγιεινές | J76: τζ̆αι | K76: θρεπτικές | L76: σίουρα | M76: εν’ | N76: τα | O76: λαχανικά | P76: , | Q76: τα | R76: φρούτα | S76: , | T76: διότι | U76: έχουν | V76: πολλές | W76: φυτικές | X76: ίνες | Y76: .
A77: cg_038 | B77: SMG | C77: Τροφές | D77: οι | E77: οποίες | F77: γνωρίζω | G77: ότι | H77: είναι | I77: υγιεινές | J77: και | K77: θρεπτικές | L77: σίγουρα | M77: είναι | N77: τα | O77: λαχανικά | P77: , | Q77: τα | R77: φρούτα | S77: , | T77: διότι | U77: έχουν | V77: πολλές | W77: φυτικές | X77: ίνες | Y77: .
A78: cg_039 | B78: CG | C78: {=IF(B78="CG", _xlfn.TEXTSPLIT(_xlfn.XLOOKUP(A78, Sentences!A:A, Sentences!B:B), " "), "")} -> Εννά | D78: ήθελα | E78: να | F78: ξαναζήσω | G78: την | H78: βρεφικήν | I78: μου | J78: ηλικίαν | K78: , | L78: διότι | M78: θεωρώ | N78: ότι | O78: ήταν | P78: η | Q78: πιο | R78: χαλαρωτική | S78: ηλικία | T78: .
A79: cg_039 | B79: SMG | C79: Θα | D79: ήθελα | E79: να | F79: ξαναζήσω | G79: την | H79: βρεφική | I79: μου | J79: ηλικία | K79: , | L79: διότι | M79: θεωρώ | N79: ότι | O79: ήταν | P79: η | Q79: πιο | R79: χαλαρωτική | S79: ηλικία | T79: .
A80: cg_040 | B80: CG | C80: {=IF(B80="CG", _xlfn.TEXTSPLIT(_xlfn.XLOOKUP(A80, Sentences!A:A, Sentences!B:B), " "), "")} -> Τούτην | D80: την | E80: ερώτηση | F80: δυσκολεύκουμαι | G80: να | H80: την | I80: απαντήσω | J80: γιατί | K80: εν | L80: μπορώ | M80: να | N80: φέρω | O80: στον | P80: νουν | Q80: μου | R80: κάποιον | S80: συγκεκριμένον | T80: παραδοσιακόν | U80: παιχνίδιν | V80: της | W80: Κύπρου | X80: .
A81: cg_040 | B81: SMG | C81: Τούτη | D81: την | E81: ερώτηση | F81: δυσκολεύκουμαι | G81: να | H81: την | I81: απαντήσω | J81: γιατί | K81: δεν | L81: μπορώ | M81: να | N81: φέρω | O81: στο | P81: νου | Q81: μου | R81: κάποιο | S81: συγκεκριμένο | T81: παραδοσιακό | U81: παιχνίδι | V81: της | W81: Κύπρου | X81: .
A82: cg_041 | B82: CG | C82: {=IF(B82="CG", _xlfn.TEXTSPLIT(_xlfn.XLOOKUP(A82, Sentences!A:A, Sentences!B:B), " "), "")} -> Πιστεύκω | D82: ότι | E82: άμαν | F82: είσαι | G82: λλίον | H82: εγκρατής | I82: , | J82: μπορείς | K82: να | L82: έσ̆εις | M82: την | N82: ίδιαν | O82: ψυχαγωγίαν | P82: , | Q82: ή | R82: τζ̆αι | S82: καλλύττερην | T82: , | U82: πιο | V82: οικονομικά | W82: .
A83: cg_041 | B83: SMG | C83: Πιστεύκω | D83: ότι | E83: αν | F83: είσαι | G83: λίγο | H83: εγκρατής | I83: , | J83: μπορείς | K83: να | L83: έχεις | M83: την | N83: ίδια | O83: ψυχαγωγία | P83: , | Q83: ή | R83: και | S83: καλύτερη | T83: , | U83: πιο | V83: οικονομικά | W83: .
A84: cg_042 | B84: CG | C84: {=IF(B84="CG", _xlfn.TEXTSPLIT(_xlfn.XLOOKUP(A84, Sentences!A:A, Sentences!B:B), " "), "")} -> Αν | D84: είχα | E84: πολλά | F84: λεφτά | G84: εννά | H84: αγόραζα | I84: έναν | J84: νησίν | K84: τζ̆αι | L84: να | M84: πάω | N84: να | O84: μείνω | P84: τζ̆ειαμαί | Q84: τζ̆αι | R84: να | S84: είμαι | T84: μόνη | U84: μου | V84: πά’ | W84: στο | X84: νησίν | Y84: με | Z84: τους | AA84: σ̆σ̆ύλλους | AB84: μου | AC84: .
A85: cg_042 | B85: SMG | C85: Αν | D85: είχα | E85: πολλά | F85: λεφτά | G85: θα | H85: αγόραζα | I85: ένα | J85: νησί | K85: και | L85: θα | M85: πήγαινα | N85: να | O85: μείνω | P85: εκεί | Q85: και | R85: να | S85: είμαι | T85: μόνη | U85: μου | V85: πάνω | W85: στο | X85: νησί | Y85: με | Z85: τους | AA85: σ̆σ̆ύλλους | AB85: μου | AC85: .
A86: cg_043 | B86: CG | C86: {=IF(B86="CG", _xlfn.TEXTSPLIT(_xlfn.XLOOKUP(A86, Sentences!A:A, Sentences!B:B), " "), "")} -> Εννά | D86: ήθελα | E86: πάρα | F86: πολλά | G86: να | H86: επισκευτώ | I86: τες | J86: χώρες | K86: της | L86: Μέσης | M86: Ανατολής | N86: , | O86: ειδικά | P86: τες | Q86: Αραβικές | R86: χώρες | S86: , | T86: ε | U86: τούτες | V86: που | W86: τωρά | X86: εν | Y86: μπορούμεν | Z86: να | AA86: επισκεφτούμεν | AB86: γιατί | AC86: εκαταστραφήκαν | AD86: λόγω | AE86: πολέμου | AF86: .
A87: cg_043 | B87: SMG | C87: Θα | D87: ήθελα | E87: πάρα | F87: πολύ | G87: να | H87: επισκεφτώ | I87: τες | J87: χώρες | K87: της | L87: Μέσης | M87: Ανατολής | N87: , | O87: ειδικά | P87: τες | Q87: Αραβικές | R87: χώρες | S87: , | T87: ε | U87: τούτες | V87: που | W87: τώρα | X87: δεν | Y87: μπορούμε | Z87: να | AA87: επισκεφτούμε | AB87: γιατί | AC87: καταστράφηκαν | AD87: λόγω | AE87: πολέμου | AF87: .
A88: cg_044 | B88: CG | C88: {=IF(B88="CG", _xlfn.TEXTSPLIT(_xlfn.XLOOKUP(A88, Sentences!A:A, Sentences!B:B), " "), "")} -> Οι | D88: θερμοκρασίες | E88: του | F88: καλοτζ̆αιρκού | G88: όταν | H88: ήμουν | I88: μιτσ̆ιά | J88: σε | K88: σχέσην | L88: με | M88: τωρά | N88: ήταν | O88: πολλά | P88: πιο | Q88: χαμηλές | R88: , | S88: σίουρα | T88: εν | U88: ήταν | V88: αισθητή | W88: η | X88: πυρά | Y88: τόσον | Z88: πολλά | AA88: .
A89: cg_044 | B89: SMG | C89: Οι | D89: θερμοκρασίες | E89: του | F89: καλοτζαιριού | G89: όταν | H89: ήμουν | I89: μιτσ̆ιά | J89: σε | K89: σχέση | L89: με | M89: τώρα | N89: ήταν | O89: πολύ | P89: πιο | Q89: χαμηλές | R89: , | S89: σίουρα | T89: δεν | U89: ήταν | V89: αισθητή | W89: η | X89: πυρά | Y89: τόσο | Z89: πολύ | AA89: .
A90: cg_045 | B90: CG | C90: {=IF(B90="CG", _xlfn.TEXTSPLIT(_xlfn.XLOOKUP(A90, Sentences!A:A, Sentences!B:B), " "), "")} -> Σε | D90: σχέσην | E90: που | F90: τότε | G90: που | H90: ήμασταν | I90: πιο | J90: μιτσ̆ιοί | K90: , | L90: τωρά | M90: οι | N90: καλοτζ̆αιρινές | O90: θερμοκρασίες | P90: εν' | Q90: πολλά | R90: πιο | S90: ψηλές | T90: , | U90: τζ̆αι | V90: γεννικά | W90: εν' | X90: πολλή | Y90: παραπάνω | Z90: πυρά | AA90: τζ̆αι | AB90: πολλή | AC90: παραπάνω | AD90: υγρασία | AE90: .
A91: cg_045 | B91: SMG | C91: Σε | D91: σχέση | E91: με | F91: τότε | G91: που | H91: ήμασταν | I91: πιο | J91: μιτσ̆ιοί | K91: , | L91: τώρα | M91: οι | N91: καλοτζ̆αιρινές | O91: θερμοκρασίες | P91: είναι | Q91: πολύ | R91: πιο | S91: ψηλές | T91: , | U91: και | V91: γεννικά | W91: είναι | X91: πολλή | Y91: παραπάνω | Z91: πυρά | AA91: και | AB91: πολλή | AC91: παραπάνω | AD91: υγρασία | AE91: .
A92: cg_046 | B92: CG | C92: {=IF(B92="CG", _xlfn.TEXTSPLIT(_xlfn.XLOOKUP(A92, Sentences!A:A, Sentences!B:B), " "), "")} -> Παλιόττερα | D92: έρκετουν | E92: πολλά | F92: πιο | G92: σπάνια | H92: , | I92: τα | J92: τελευταία | K92: χρόνια | L92: όμως | M92: ζ̆ιούμεν | N92: μαζίν | O92: της | P92: .
A93: cg_046 | B93: SMG | C93: Παλιόττερα | D93: ερχόταν | E93: πολύ | F93: πιο | G93: σπάνια | H93: , | I93: τα | J93: τελευταία | K93: χρόνια | L93: όμως | M93: ζ̆ιούμε | N93: μαζί | O93: της | P93: .
A94: cg_047 | B94: CG | C94: {=IF(B94="CG", _xlfn.TEXTSPLIT(_xlfn.XLOOKUP(A94, Sentences!A:A, Sentences!B:B), " "), "")} -> Συνήθως | D94: εεεμ | E94: βρεθούμαστεν | F94: σε | G94: σπίθκια | H94: , | I94: ε | J94: ή | K94: που | L94: εννά | M94: μαειρέψω | N94: εγώ | O94: ή | P94: κάποιος | Q94: άλλος | R94: που | S94: τους | T94: φίλους | U94: .
A95: cg_047 | B95: SMG | C95: Συνήθως | D95: εεεμ | E95: βρισκόμαστε | F95: σε | G95: σπίτια | H95: , | I95: ε | J95: ή | K95: που | L95: θα | M95: μαειρέψω | N95: εγώ | O95: ή | P95: κάποιος | Q95: άλλος | R95: από | S95: τους | T95: φίλους | U95: .
A96: cg_048 | B96: CG | C96: {=IF(B96="CG", _xlfn.TEXTSPLIT(_xlfn.XLOOKUP(A96, Sentences!A:A, Sentences!B:B), " "), "")} -> Που | D96: το | E96: σούππερμαρκετ | F96: συνήθως | G96: αγοράζω | H96: τα | I96: πιο | J96: βασικά | K96: που | L96: εν' | M96: ψωμίν | N96: , | O96: τυρίν | P96: , | Q96: κανέναν | R96: αλλαντικόν | S96: , | T96: λαχανικά | U96: , | V96: φρούτα | W96: , | X96: κρέας | Y96: .
A97: cg_048 | B97: SMG | C97: Από | D97: το | E97: σούππερμαρκετ | F97: συνήθως | G97: αγοράζω | H97: τα | I97: πιο | J97: βασικά | K97: που | L97: είναι | M97: ψωμί | N97: , | O97: τυρί | P97: , | Q97: κανένα | R97: αλλαντικό | S97: , | T97: λαχανικά | U97: , | V97: φρούτα | W97: , | X97: κρέας | Y97: .
A98: cg_049 | B98: CG | C98: {=IF(B98="CG", _xlfn.TEXTSPLIT(_xlfn.XLOOKUP(A98, Sentences!A:A, Sentences!B:B), " "), "")} -> Νομίζω | D98: τα | E98: θκιαβάσματα | F98: των | G98: τελικών | H98: εν' | I98: τα | J98: πιο | K98: αγχωτικά | L98: , | M98: επειδή | N98: εν | O98: τα | P98: επήα | Q98: τόσον | R98: καλά | S98: σ | T98: τες | U98: ενδιάμεσες | V98: .
A99: cg_049 | B99: SMG | C99: Νομίζω | D99: τα | E99: διαβάσματα | F99: των | G99: τελικών | H99: είναι | I99: τα | J99: πιο | K99: αγχωτικά | L99: , | M99: επειδή | N99: δεν | O99: τα | P99: πήγα | Q99: τόσο | R99: καλά | S99: σ | T99: τις | U99: ενδιάμεσες | V99: .
A100: cg_050 | B100: CG | C100: {=IF(B100="CG", _xlfn.TEXTSPLIT(_xlfn.XLOOKUP(A100, Sentences!A:A, Sentences!B:B), " "), "")} -> Έχω | D100: πάρα | E100: πολλούς | F100: αγαπημένους | G100: μουσικούς | H100: ε | I100: ο | J100: καθένας | K100: φκάλλει | L100: διαφορετικήν | M100: μουσικήν | N100: οπόταν | O100: εν' | P100: λλίον | Q100: δύσκολον | R100: να | S100: θκιαλέξω | T100: τον | U100: αγαπημένον | V100: μου | W100: που | X100: ούλλους | Y100: .
...
